Arrondissement;Adresse;Type de réserve;CP;VILLE
8e;5 rue Alfred de Vigny;LS 100-60;75008;Paris
8e;75-77 rue d'Amsterdam;LS 100-100;75008;Paris
8e;18 rue de l'Arcade;LS 100-100;75008;Paris
8e;32 rue de l'Arcade;LS 100-100;75008;Paris
8e;36 rue de l'Arcade;LS 100-100;75008;Paris
8e;8 rue de l'Arcade;LS 100-100;75008;Paris
8e;5 rue Chauveau Lagarde;LS 100-100;75008;Paris
8e;11 rue d'Argenson;LS 100-60;75008;Paris
8e;42 rue de Bassano;LS 35-35;75008;Paris
8e;28 rue de la Baume;LS 100-100;75008;Paris
8e;11 avenue Percier;LS 100-100;75008;Paris
8e;1-5 rue de Berne;LS 35-35;75008;Paris
8e;3 rue Saint-Pétersebourg;LS 35-35;75008;Paris
8e;10 rue La Boétie;LS 100-60;75008;Paris
8e;5 rue La Boétie;LS 100-60;75008;Paris
8e;6 rue Cambacérès;LS 100-60;75008;Paris
8e;10 rue Cambaceres;LS 100-60;75008;Paris
8e;6 place des Saussaies;LS 100-60;75008;Paris
8e;4 rue Cambaceres;LS 100-60;75008;Paris
8e;12 rue Chateaubriand;LS 100-100;75008;Paris
8e;6 rue Christophe Colomb;LS 100-60;75008;Paris
8e;5 rue Magellan;LS 100-60;75008;Paris
8e;6 rue Clément Marot;LS 100-60;75008;Paris
8e;1-3 rue de Cerisoles;LS 100-100;75008;Paris
8e;26 rue Clément Marot;LS 100-100;75008;Paris
8e;25 rue de Constantinople;LS 100-100;75008;Paris
8e;78 rue du Rocher;LS 100-100;75008;Paris
8e;23-25 rue de Courcelles;LS 100-60;75008;Paris
8e;3 rue d'Edimbourg;LS 100-60;75008;Paris
8e;38 rue Jean Mermoz;LS 100-60;75008;Paris
8e;95 rue du Faubourg Saint Honoré;LS 100-60;75008;Paris
8e;25 rue du Général Foy;LS 100-60;75008;Paris
8e;22 rue du Général Foy;LS 100-60;75008;Paris
8e;15 rue du Général Foy;LS 100-60;75008;Paris
8e;2-4 rue de Lisbonne;LS 100-60;75008;Paris
8e;34 avenue George V;LS 100-60;75008;Paris
8e;156 boulevard Haussmann;LS 100-60;75008;Paris
8e;124 boulevard Haussmann;LS 100-100;75008;Paris
8e;63 boulevard Haussmann;LS 35-35;75008;Paris
8e;146 boulevard Haussmann;LS 100-60;75008;Paris
8e;135 boulevard Haussmann;LS 100-60;75008;Paris
8e;19-19bis rue de la Baume;LS 100-60;75008;Paris
8e;27 rue du Docteur Lancereaux;LS 100-60;75008;Paris
8e;162-164 boulevard Haussmann;LS 100-60;75008;Paris
8e;14 avenue Hoche;LS 100-100;75008;Paris
8e;24 rue Beaujon;LS 35-35;75008;Paris
8e;43 avenue Hoche;LS 35-35;75008;Paris
